"Data Source","World Development Indicators",

"Last Updated Date","2017-01-03",

"Country Name","Country Code","Indicator Name","Indicator Code","1960","1961","1962","1963","1964","1965","1966","1967","1968","1969","1970","1971","1972","1973","1974","1975","1976","1977","1978","1979","1980","1981","1982","1983","1984","1985","1986","1987","1988","1989","1990","1991","1992","1993","1994","1995","1996","1997","1998","1999","2000","2001","2002","2003","2004","2005","2006","2007","2008","2009","2010","2011","2012","2013","2014","2015","2016",
"Aruba","ABW","Adult literacy rate, population 15+ years, both sexes (%)","SE.ADT.LITR.ZS","","","","","","","","","","","","","","","","","","","","","","","","","","","","","","","","","","","","","","","","","97.2912521362305","","","","","","","","","","96.822639465332","","","","","97.5242004394531","",
"Andorra","AND","Adult literacy rate, population 15+ years, both sexes (%)","SE.ADT.LITR.ZS","","","","","","","","","","","","","","","","","","","","","","","","","","","","","","","","","","","","","","","","","","","","","","","","","","","","","","","","","",
"Afghanistan","AFG","Adult literacy rate, population 15+ years, both sexes (%)","SE.ADT.LITR.ZS","","","","","","","","","","","","","","","","","","","","18.1576805114746","","","","","","","","","","","","","","","","","","","","","","","","","","","","","","","","31.741117477417","","","","38.168041229248","",
"Angola","AGO","Adult literacy rate, population 15+ years, both sexes (%)","SE.ADT.LITR.ZS","","","","","","","","","","","","","","","","","","","","","","","","","","","","","","","","","","","","","","","","","","67.4054183959961","","","","","","","","","","","","","70.9910888671875","71.1641616821289","",
"Albania","ALB","Adult literacy rate, population 15+ years, both sexes (%)","SE.ADT.LITR.ZS","","","","","","","","","","","","","","","","","","","","","","","","","","","","","","","","","","","","","","","","","","98.7129821777344","","","","","","","95.9386367797852","","","96.8452987670898","97.2469711303711","","","97.5539016723633","",
"Arab World","ARB","Adult literacy rate, population 15+ years, both sexes (%)","SE.ADT.LITR.ZS","","","","","","","","","","","","","","","","","","","","","","","","","","","","","","","54.5934715270996","","","","","","","","","","66.0060653686523","","","","","","","","","","77.3645858764648","","","","","","",
"United Arab Emirates","ARE","Adult literacy rate, population 15+ years, both sexes (%)","SE.ADT.LITR.ZS","","","","","","","","","","","","","","","","53.5148811340332","","","","","","","","","","71.2352981567383","","","","","","","","","","","","","","","","","","","","90.0338516235352","","","","","","","","","","92.9863662719727","",
"Argentina","ARG","Adult literacy rate, population 15+ years, both sexes (%)","SE.ADT.LITR.ZS","","","","","","","","","","","","","","","","","","","","","93.9128570556641","","","","","","","","","","","96.1281967163086","","","","","","","","","","97.1933135986328","","","","","","","","","","","","","98.0340194702148","98.089973449707","",
"Armenia","ARM","Adult literacy rate, population 15+ years, both sexes (%)","SE.ADT.LITR.ZS","","","","","","","","","","","","","","","","","","","","","","","","","","","","","","98.7519607543945","","","","","","","","","","","","99.4001617431641","","","","","","","","","","99.7444076538086","","","","99.7684173583984","",
"American Samoa","ASM","Adult literacy rate, population 15+ years, both sexes (%)","SE.ADT.LITR.ZS","","","","","","","","","","","","","","","","","","","","","97.3441619873047","","","","","","","","","","","","","","","","","","","","","","","","","","","","","","","","","","","","",
"Antigua and Barbuda","ATG","Adult literacy rate, population 15+ years, both sexes (%)","SE.ADT.LITR.ZS","","","","","","","","","","","","","","","","","","","","","","","","","","","","","","","","","","","","","","","","","","98.9499969482422","","","","","","","","","","","","","98.9499969482422","","",
"Australia","AUS","Adult literacy rate, population 15+ years, both sexes (%)","SE.ADT.LITR.ZS","","","","","","","","","","","","","","","","","","","","","","","","","","","","","","","","","","","","","","","","","","","","","","","","","","","","","","","","","",
"Austria","AUT","Adult literacy rate, population 15+ years, both sexes (%)","SE.ADT.LITR.ZS","","","","","","","","","","","","","","","","","","","","","","","","","","","","","","","","","","","","","","","","","","","","","","","","","","","","","","","","","",
"Azerbaijan","AZE","Adult literacy rate, population 15+ years, both sexes (%)","SE.ADT.LITR.ZS","","","","","","","","","","","","","","","","","","","","","","","","","","","","","","","","","","","","","","","","98.7918014526367","","","","","","","","99.6019134521484","","99.7598419189453","99.7711410522461","99.7786331176758","99.7757720947266","99.7893600463867","99.7889862060547","99.8052597045898","",
"Burundi","BDI","Adult literacy rate, population 15+ years, both sexes (%)","SE.ADT.LITR.ZS","","","","","","","","","","","","","","","","","","","","22.5085506439209","","","","","","","","","","","37.3847198486328","","","","","","","","","","59.3036193847656","","","","","","","","86.947868347168","","","","","","","85.49609375","",
"Belgium","BEL","Adult literacy rate, population 15+ years, both sexes (%)","SE.ADT.LITR.ZS","","","","","","","","","","","","","","","","","","","","","","","","","","","","","","","","","","","","","","","","","","","","","","","","","","","","","","","","","",
"Benin","BEN","Adult literacy rate, population 15+ years, both sexes (%)","SE.ADT.LITR.ZS","","","","","","","","","","","","","","","","","","","","16.4827899932861","","","","","","","","","","","","","27.2452507019043","","","","","","","","","","34.6578483581543","","","","28.7021102905273","","","","","","","","","38.4471397399902","",
"Burkina Faso","BFA","Adult literacy rate, population 15+ years, both sexes (%)","SE.ADT.LITR.ZS","","","","","","","","","","","","","","","","8.68515014648438","","","","","","","","","","","","","","","","13.5692300796509","","","","","12.8481702804565","","","","","","","21.8229198455811","","23.5537204742432","22.4725799560547","28.7292098999023","","","","","","","34.5994110107422","37.7467002868652","",
"Bangladesh","BGD","Adult literacy rate, population 15+ years, both sexes (%)","SE.ADT.LITR.ZS","","","","","","","","","","","","","","","","","","","","","","29.2272300720215","","","","","","","","","","35.3193016052246","","","","","","","","","","47.4855003356934","","","","","","","","","","","","","60.5752182006836","61.4938316345215","",
"Bulgaria","BGR","Adult literacy rate, population 15+ years, both sexes (%)","SE.ADT.LITR.ZS","","","","","","","","","","","","","","","","","","","","","","","","","","","","","","","","","","","","","","","","","","98.2035598754883","","","","","","","","","","98.3524475097656","","","","98.3885803222656","",
"Bahrain","BHR","Adult literacy rate, population 15+ years, both sexes (%)","SE.ADT.LITR.ZS","","","","","","","","","","","","","","","","","","","","","","69.7535095214844","","","","","","","","","","84.0138320922852","","","","","","","","","","86.5487365722656","","","","","","","","","94.5567932128906","","","","","95.7172622680664","",
"Bahamas, The","BHS","Adult literacy rate, population 15+ years, both sexes (%)","SE.ADT.LITR.ZS","","","","","","","","","","","","","","","","","","","","","","","","","","","","","","","","","","","","","","","","","","","","","","","","","","","","","","","","","",
"Bosnia and Herzegovina","BIH","Adult literacy rate, population 15+ years, both sexes (%)","SE.ADT.LITR.ZS","","","","","","","","","","","","","","","","","","","","","","","","","","","","","","","","87.822509765625","","","","","","","","","96.6631011962891","","","","","","","","","","","","","","98.3776473999023","98.4857635498047","",
"Belarus","BLR","Adult literacy rate, population 15+ years, both sexes (%)","SE.ADT.LITR.ZS","","","","","","","","","","","","","","","","","","","","","","","","","","","","","","97.8833694458008","","","","","","","","","","99.5907287597656","","","","","","","","","","99.617057800293","","","","","","99.722038269043","",
"Belize","BLZ","Adult literacy rate, population 15+ years, both sexes (%)","SE.ADT.LITR.ZS","","","","","","","","","","","","","","","","","","","","","","","","","","","","","","","","70.2984237670898","","","","","","","","","","","","","","","","","","","","","","","","82.7768173217773","",
"Bermuda","BMU","Adult literacy rate, population 15+ years, both sexes (%)","SE.ADT.LITR.ZS","","","","","","","","","","","","","","","","","","","","","","","","","","","","","","","","","","","","","","","","","","","","","","","","","","","","","","","","","",
"Bolivia","BOL","Adult literacy rate, population 15+ years, both sexes (%)","SE.ADT.LITR.ZS","","","","","","","","","","","","","","","","","63.2081489562988","","","","","","","","","","","","","","","","79.9917678833008","","","","","","","","","86.7236709594727","","","","","","90.7434692382813","90.698112487793","91.1678314208984","","92.2261505126953","94.4605712890625","","","95.1419219970703","",
"Brazil","BRA","Adult literacy rate, population 15+ years, both sexes (%)","SE.ADT.LITR.ZS","","","","","","","","","","","","","","","","","","","","","74.5867309570313","","","","","","","","","","","","","","","","","","","","86.3678817749023","","","","88.6162414550781","","89.6152267456055","90.0093688964844","90.03662109375","90.298210144043","90.3791809082031","91.4112396240234","91.3378524780273","91.4842376708984","","92.5868072509766","",
"Barbados","BRB","Adult literacy rate, population 15+ years, both sexes (%)","SE.ADT.LITR.ZS","","","","","","","","","","","99.2680816650391","","","","","","","","","","","","","","","","","","","","","","","","","","","","","","","","","","","","","","","","","","","","","","",
"Brunei Darussalam","BRN","Adult literacy rate, population 15+ years, both sexes (%)","SE.ADT.LITR.ZS","","","","","","","","","","","","","","","","","","","","","","77.8342132568359","","","","","","","","","","87.8041763305664","","","","","","","","","","92.6711273193359","","","","","","","","","","96.085563659668","","","","96.6565322875977","",
"Bhutan","BTN","Adult literacy rate, population 15+ years, both sexes (%)","SE.ADT.LITR.ZS","","","","","","","","","","","","","","","","","","","","","","","","","","","","","","","","","","","","","","","","","","","","","","52.8146896362305","","","","","","","57.0335998535156","","","63.9068183898926","",
"Botswana","BWA","Adult literacy rate, population 15+ years, both sexes (%)","SE.ADT.LITR.ZS","","","","","","","","","","","","","","","","","","","","","","","","","","","","","","","","68.5809097290039","","","","","","","","","","","","81.1887130737305","","","","","","","","","","","87.7075119018555","88.2244110107422","",
"Central African Republic","CAF","Adult literacy rate, population 15+ years, both sexes (%)","SE.ADT.LITR.ZS","","","","","","","","","","","","","","","","18.2361698150635","","","","","","","","","","","","","33.6244201660156","","","","","","","","","","","","50.6451683044434","","","","","","","","","","36.7526092529297","","","","","36.7526092529297","",
"Canada","CAN","Adult literacy rate, population 15+ years, both sexes (%)","SE.ADT.LITR.ZS","","","","","","","","","","","","","","","","","","","","","","","","","","","","","","","","","","","","","","","","","","","","","","","","","","","","","","","","","",
"Central Europe and the Baltics","CEB","Adult literacy rate, population 15+ years, both sexes (%)","SE.ADT.LITR.ZS","","","","","","","","","","","","","","","","","","","","","","","","","","","","","","","98.5949630737305","","","","","","","","","","98.9601898193359","","","","","","","","","","99.3609619140625","","","","","","",
"Switzerland","CHE","Adult literacy rate, population 15+ years, both sexes (%)","SE.ADT.LITR.ZS","","","","","","","","","","","","","","","","","","","","","","","","","","","","","","","","","","","","","","","","","","","","","","","","","","","","","","","","","",
"Channel Islands","CHI","Adult literacy rate, population 15+ years, both sexes (%)","SE.ADT.LITR.ZS","","","","","","","","","","","","","","","","","","","","","","","","","","","","","","","","","","","","","","","","","","","","","","","","","","","","","","","","","",
"Chile","CHL","Adult literacy rate, population 15+ years, both sexes (%)","SE.ADT.LITR.ZS","","","","","","","","","","","","","","","","","","","","","","","91.1284027099609","","","","","","","","","","94.2911376953125","","","","","","","","","","95.7166213989258","","","","","","98.6490097045898","98.5536804199219","","96.703010559082","","96.2706832885742","","96.6275482177734","",
"China","CHN","Adult literacy rate, population 15+ years, both sexes (%)","SE.ADT.LITR.ZS","","","","","","","","","","","","","","","","","","","","","","","65.5050888061523","","","","","","","","77.7850570678711","","","","","","","","","","90.9202117919922","","","","","","","","","","95.1244812011719","","","","","96.3574523925781","",
"Cote d'Ivoire","CIV","Adult literacy rate, population 15+ years, both sexes (%)","SE.ADT.LITR.ZS","","","","","","","","","","","","","","","","","","","","","","","","","","","","","34.1392784118652","","","","","","","","","","36.3502388000488","","48.7407608032227","","","","","","","","","","","","40.9816284179688","","","43.2653198242188","",
"Cameroon","CMR","Adult literacy rate, population 15+ years, both sexes (%)","SE.ADT.LITR.ZS","","","","","","","","","","","","","","","","","41.2162094116211","","","","","","","","","","","","","","","","","","","","","","","","68.4091567993164","","","","","","","70.6799392700195","","","71.2905120849609","","","","","74.9855804443359","",
"Congo, Rep.","COG","Adult literacy rate, population 15+ years, both sexes (%)","SE.ADT.LITR.ZS","","","","","","","","","","","","","","","","","","","","","","","","","","","","","","","","","","","","","","","","","","","","","","","","","","","","79.3111724853516","","","","79.3111724853516","",
"Colombia","COL","Adult literacy rate, population 15+ years, both sexes (%)","SE.ADT.LITR.ZS","","","","","","","","","","","","","","","","","","","","","","","","","","","","","","","","","","91.0630874633789","","","91.207160949707","","","","","","","","92.8037796020508","92.8486633300781","92.2996826171875","92.6517868041992","93.3781814575195","93.2446899414063","93.3723297119141","93.5805282592773","","","94.1834564208984","94.5770568847656","",
"Comoros","COM","Adult literacy rate, population 15+ years, both sexes (%)","SE.ADT.LITR.ZS","","","","","","","","","","","","","","","","","","","","","47.9192314147949","","","","","","","","","","","","","","","","","","","","68.4892272949219","","","","","","","","","","","","","","77.5732727050781","78.1373901367188","",
"Cabo Verde","CPV","Adult literacy rate, population 15+ years, both sexes (%)","SE.ADT.LITR.ZS","","","","","","","","","","","","","","","","","","","","","","","","","","","","","","","62.7968597412109","","","","","","","","","","","","","","80.0197219848633","","","","","","","","85.3277893066406","","","88.4654235839844","",
"Costa Rica","CRI","Adult literacy rate, population 15+ years, both sexes (%)","SE.ADT.LITR.ZS","","","","","","","","","","","","","","","","","","","","","","","","","92.6290435791016","","","","","","","","","","","","","","","","94.8681869506836","","","","","","","","","","","97.4065780639648","","","","97.6472473144531","",
"Caribbean small states","CSS","Adult literacy rate, population 15+ years, both sexes (%)","SE.ADT.LITR.ZS","","","","","","","","","","","","","","","","","","","","","","","","","","","","","","","","","","","","","","","","","88.1378021240234","","","","","","","","","","91.7607116699219","","","","","","",
"Cuba","CUB","Adult literacy rate, population 15+ years, both sexes (%)","SE.ADT.LITR.ZS","","","","","","","","","","","","","","","","","","","","","","97.8466491699219","","","","","","","","","","","","","","","","","","","","","99.799072265625","","","","","","","","","","99.7525329589844","","","99.7107162475586","",
"Curacao","CUW","Adult literacy rate, population 15+ years, both sexes (%)","SE.ADT.LITR.ZS","","","","","","","","","","","","","","","","","","","","","","","","","","","","","","","","","","","","","","","","","","","","","","","","","","","","","","","","","",
"Cayman Islands","CYM","Adult literacy rate, population 15+ years, both sexes (%)","SE.ADT.LITR.ZS","","","","","","","","","","","","","","","","","","","","","","","","","","","","","","","","","","","","","","","","","","","","","","","","98.8678207397461","","","","","","","","","",
"Cyprus","CYP","Adult literacy rate, population 15+ years, both sexes (%)","SE.ADT.LITR.ZS","","","","","","","","","","","","","","","","","","","","","","","","","","","","","","","","","94.3624725341797","","","","","","","","","96.8036270141602","","","","","","","","","","98.6784286499023","","","","99.0597763061523","",
"Czech Republic","CZE","Adult literacy rate, population 15+ years, both sexes (%)","SE.ADT.LITR.ZS","","","","","","","","","","","","","","","","","","","","","","","","","","","","","","","","","","","","","","","","","","","","","","","","","","","","","","","","","",
"Germany","DEU","Adult literacy rate, population 15+ years, both sexes (%)","SE.ADT.LITR.ZS","","","","","","","","","","","","","","","","","","","","","","","","","","","","","","","","","","","","","","","","","","","","","","","","","","","","","","","","","",
"Djibouti","DJI","Adult literacy rate, population 15+ years, both sexes (%)","SE.ADT.LITR.ZS","","","","","","","","","","","","","","","","","","","","","","","","","","","","","","","","","","","","","","","","","","","","","","","","","","","","","","","","","",
"Dominica","DMA","Adult literacy rate, population 15+ years, both sexes (%)","SE.ADT.LITR.ZS","","","","","","","","","","","","","","","","","","","","","","","","","","","","","","","","","","","","","","","","","","","","","","","","","","","","","","","","","",
"Denmark","DNK","Adult literacy rate, population 15+ years, both sexes (%)","SE.ADT.LITR.ZS","","","","","","","","","","","","","","","","","","","","","","","","","","","","","","","","","","","","","","","","","","","","","","","","","","","","","","","","","",
"Dominican Republic","DOM","Adult literacy rate, population 15+ years, both sexes (%)","SE.ADT.LITR.ZS","","","","","","","","","","","","","","","","","","","","","","73.064567565918","","","","","","","","","","","","","","","","","","","","","86.996467590332","","","","","88.2444610595703","","","89.5387268066406","90.1062698364258","90.1551818847656","90.8581466674805","91.7637710571289","92.4654235839844","",
"Algeria","DZA","Adult literacy rate, population 15+ years, both sexes (%)","SE.ADT.LITR.ZS","","","","","","","","","","","","","","","","","","","","","","","","","","","","49.6308784484863","","","","","","","","","","","","","","","69.8734970092773","","","","72.648681640625","","75.1360473632813","","","","","","","79.6083984375","",
"East Asia & Pacific (excluding high income)","EAP","Adult literacy rate, population 15+ years, both sexes (%)","SE.ADT.LITR.ZS","","","","","","","","","","","","","","","","","","","","","","","","","","","","","","","79.7442016601563","","","","","","","","","","90.7730331420898","","","","","","","","","","94.7516708374023","","","","","","",
"Early-demographic dividend","EAR","Adult literacy rate, population 15+ years, both sexes (%)","SE.ADT.LITR.ZS","","","","","","","","","","","","","","","","","","","","","","","","","","","","","","","59.5180549621582","","","","","","","","","","69.1166076660156","","","","","","","","","","76.5083618164063","","","","","","",
"East Asia & Pacific","EAS","Adult literacy rate, population 15+ years, both sexes (%)","SE.ADT.LITR.ZS","","","","","","","","","","","","","","","","","","","","","","","","","","","","","","","82.0543441772461","","","","","","","","","","91.6186904907227","","","","","","","","","","95.1082229614258","","","","","","",
"Europe & Central Asia (excluding high income)","ECA","Adult literacy rate, population 15+ years, both sexes (%)","SE.ADT.LITR.ZS","","","","","","","","","","","","","","","","","","","","","","","","","","","","","","","95.567756652832","","","","","","","","","","97.2184066772461","","","","","","","","","","98.7996368408203","","","","","","",
"Europe & Central Asia","ECS","Adult literacy rate, population 15+ years, both sexes (%)","SE.ADT.LITR.ZS","","","","","","","","","","","","","","","","","","","","","","","","","","","","","","","97.2607879638672","","","","","","","","","","98.1458435058594","","","","","","","","","","98.9975891113281","","","","","","",
"Ecuador","ECU","Adult literacy rate, population 15+ years, both sexes (%)","SE.ADT.LITR.ZS","","","","","","","","","","","","","","","","","","","","","","","83.5526885986328","","","","","","","","88.2987594604492","","","","","","","","","","","90.9840316772461","","","","","","84.1927185058594","","84.2069625854492","91.8540420532227","91.5868988037109","92.0647277832031","93.2946319580078","94.2226486206055","94.5154724121094","",
"Egypt, Arab Rep.","EGY","Adult literacy rate, population 15+ years, both sexes (%)","SE.ADT.LITR.ZS","","","","","","","","","","","","","","","","","38.1967582702637","","","","","","","","","","44.4239883422852","","","","","","","","","","55.5870018005371","","","","","","","","","71.4088592529297","66.3699111938477","","","","72.0478515625","","73.865592956543","75.0607299804688","","75.8426208496094","",
"Euro area","EMU","Adult literacy rate, population 15+ years, both sexes (%)","SE.ADT.LITR.ZS","","","","","","","","","","","","","","","","","","","","","","","","","","","","","","","","","","","","","","","","","","","","","","","","","","","","","","","","","",
"Eritrea","ERI","Adult literacy rate, population 15+ years, both sexes (%)","SE.ADT.LITR.ZS","","","","","","","","","","","","","","","","","","","","","","","","","","","","","","","","","","","","","","","","","","","52.5139503479004","","","","","","","","","","","","72.7904891967773","73.8452529907227","",
"Spain","ESP","Adult literacy rate, population 15+ years, both sexes (%)","SE.ADT.LITR.ZS","","","","","","","","","","","","","","","","","","","","","","92.8097686767578","","","","","","","","","","96.4949722290039","","","","","","","","","","","","","97.1651229858398","97.7506866455078","","97.9388427734375","97.6306076049805","97.6792678833008","97.7489013671875","97.7837524414063","97.8945388793945","98.0791320800781","98.0939788818359","98.1145095825195","",
"Estonia","EST","Adult literacy rate, population 15+ years, both sexes (%)","SE.ADT.LITR.ZS","","","","","","","","","","","","","","","","","","","","","","","","","","","","","","99.7264404296875","","","","","","","","","","","99.7671966552734","","","","","","","","","","","99.8857879638672","","","","99.8235092163086","",
"Ethiopia","ETH","Adult literacy rate, population 15+ years, both sexes (%)","SE.ADT.LITR.ZS","","","","","","","","","","","","","","","","","","","","","","","","","","","","","","","","","","","27.011360168457","","","","","","","","","","35.9000015258789","29.8203392028809","","38.995979309082","","","","","","","","49.0315208435059","",
"European Union","EUU","Adult literacy rate, population 15+ years, both sexes (%)","SE.ADT.LITR.ZS","","","","","","","","","","","","","","","","","","","","","","","","","","","","","","","","","","","","","","","","","","","","","","","","","","","","","","","","","",
"Fragile and conflict affected situations","FCS","Adult literacy rate, population 15+ years, both sexes (%)","SE.ADT.LITR.ZS","","","","","","","","","","","","","","","","","","","","","","","","","","","","","","","","","","","","","","","","","63.947193145752","","","","","","","","","","68.336669921875","","","","","","",
"Finland","FIN","Adult literacy rate, population 15+ years, both sexes (%)","SE.ADT.LITR.ZS","","","","","","","","","","","","","","","","","","","","","","","","","","","","","","","","","","","","","","","","","","","","","","","","","","","","","","","","","",
"Fiji","FJI","Adult literacy rate, population 15+ years, both sexes (%)","SE.ADT.LITR.ZS","","","","","","","","","","","","","","","","","","","","","","","","","","","","","","","","","","","","","","","","","","","","","","","","","","","","","","","","","",
"France","FRA","Adult literacy rate, population 15+ years, both sexes (%)","SE.ADT.LITR.ZS","","","","","","","","","","","","","","","","","","","","","","","","","","","","","","","","","","","","","","","","","","","","","","","","","","","","","","","","","",
"Faroe Islands","FRO","Adult literacy rate, population 15+ years, both sexes (%)","SE.ADT.LITR.ZS","","","","","","","","","","","","","","","","","","","","","","","","","","","","","","","","","","","","","","","","","","","","","","","","","","","","","","","","","",
"Micronesia, Fed. Sts.","FSM","Adult literacy rate, population 15+ years, both sexes (%)","SE.ADT.LITR.ZS","","","","","","","","","","","","","","","","","","","","","","","","","","","","","","","","","","","","","","","","","","","","","","","","","","","","","","","","","",
"Gabon","GAB","Adult literacy rate, population 15+ years, both sexes (%)","SE.ADT.LITR.ZS","","","","","","","","","","","","","","","","","","","","","","","","","","","","","","","","","","72.2336730957031","","","","","","","","","","","81.8455200195313","","","","","","","","82.2837982177734","","","83.2378768920898","",
"United Kingdom","GBR","Adult literacy rate, population 15+ years, both sexes (%)","SE.ADT.LITR.ZS","","","","","","","","","","","","","","","","","","","","","","","","","","","","","","","","","","","","","","","","","","","","","","","","","","","","","","","","","",
"Georgia","GEO","Adult literacy rate, population 15+ years, both sexes (%)","SE.ADT.LITR.ZS","","","","","","","","","","","","","","","","","","","","","","","","","","","","","","","","","","","","","","","","","","","99.6523513793945","","","","","","","","","","","","99.7522430419922","99.7596206665039","",
"Ghana","GHA","Adult literacy rate, population 15+ years, both sexes (%)","SE.ADT.LITR.ZS","","","","","","","","","","","","","","","","","","","","","","","","","","","","","","","","","","","","","","","","","57.8974685668945","","","","","","","","","","71.4970703125","","","","","76.5758972167969","",
"Gibraltar","GIB","Adult literacy rate, population 15+ years, both sexes (%)","SE.ADT.LITR.ZS","","","","","","","","","","","","","","","","","","","","","","","","","","","","","","","","","","","","","","","","","","","","","","","","","","","","","","","","","",
"Guinea","GIN","Adult literacy rate, population 15+ years, both sexes (%)","SE.ADT.LITR.ZS","","","","","","","","","","","","","","","","","","","","","","","","","","","","","","","","","","","","","20.5537490844727","","","","","","","29.7040195465088","","","","","","","25.3077392578125","","","","","30.4727897644043","",
"Gambia, The","GMB","Adult literacy rate, population 15+ years, both sexes (%)","SE.ADT.LITR.ZS","","","","","","","","","","","","","","","","","","","","","","","","","","","","","","","","","","","","","","","","","36.8177299499512","","","","","","","","","","","","","","54.3875617980957","55.5727615356445","",
"Guinea-Bissau","GNB","Adult literacy rate, population 15+ years, both sexes (%)","SE.ADT.LITR.ZS","","","","","","","","","","","","","","","","","","","","19.9582500457764","","","","","","","","","","","","","","","","","","","","","41.3577690124512","","","","","","","","","","","","","","58.729320526123","59.7728500366211","",
"Equatorial Guinea","GNQ","Adult literacy rate, population 15+ years, both sexes (%)","SE.ADT.LITR.ZS","","","","","","","","","","","","","","","","","","","","","","","","","","","","","","","","","","","","","","","","","88.3082962036133","","","","","","","","","","","","","","94.9567413330078","95.1956634521484","",
"Greece","GRC","Adult literacy rate, population 15+ years, both sexes (%)","SE.ADT.LITR.ZS","","","","","","","","","","","","","","","","","","","","","","90.512321472168","","","","","","","","","","92.6104507446289","","","","","","","","","","95.9943618774414","","","","","","","","","","","","","97.5323791503906","95.2928695678711","",
"Grenada","GRD","Adult literacy rate, population 15+ years, both sexes (%)","SE.ADT.LITR.ZS","","","","","","","","","","","97.7944717407227","","","","","","","","","","","","","","","","","","","","","","","","","","","","","","","","","","","","","","","","","","","","","","",
"Greenland","GRL","Adult literacy rate, population 15+ years, both sexes (%)","SE.ADT.LITR.ZS","","","","","","","","","","","","","","","","","","","","","","","","","","","","","","","","","","","","","","","","","","","","","","","","","","","","","","","","","",
"Guatemala","GTM","Adult literacy rate, population 15+ years, both sexes (%)","SE.ADT.LITR.ZS","","","","","","","","","","","","","","","","","","","","","","","","","","","","","","","","","","","64.2116394042969","","","","","","","","69.1017303466797","","","","","","","","","","78.2648620605469","77.0386734008789","81.2858963012695","79.0742111206055","",
"Guam","GUM","Adult literacy rate, population 15+ years, both sexes (%)","SE.ADT.LITR.ZS","","","","","","","","","","","","","","","","","","","","","96.4206466674805","","","","","","","","","","99.3691482543945","","","","","","","","","","","","","","","","","","","","","","","","","99.7890396118164","",
"Guyana","GUY","Adult literacy rate, population 15+ years, both sexes (%)","SE.ADT.LITR.ZS","","","","","","","","","","","","","","","","","","","","","","","","","","","","","","","","","","","","","","","","","","","","","","","","","","84.994010925293","","","","","","87.5353164672852","",
"High income","HIC","Adult literacy rate, population 15+ years, both sexes (%)","SE.ADT.LITR.ZS","","","","","","","","","","","","","","","","","","","","","","","","","","","","","","","","","","","","","","","","","","","","","","","","","","","","","","","","","",
"Hong Kong SAR, China","HKG","Adult literacy rate, population 15+ years, both sexes (%)","SE.ADT.LITR.ZS","","","","","","","","","","","","","","","","","","","","","","","","","","","","","","","","","","","","","","","","","","","","","","","","","","","","","","","","","",
"Honduras","HND","Adult literacy rate, population 15+ years, both sexes (%)","SE.ADT.LITR.ZS","","","","","","","","","","","","","","","","","","","","","","","","","","","","","","","","","","","","","","","","","","80.0110321044922","","","","","","83.5889892578125","","","84.7553634643555","85.1233062744141","85.3555526733398","85.4644165039063","87.1975326538086","88.4245834350586","",
"Heavily indebted poor countries (HIPC)","HPC","Adult literacy rate, population 15+ years, both sexes (%)","SE.ADT.LITR.ZS","","","","","","","","","","","","","","","","","","","","","","","","","","","","","","","45.4202423095703","","","","","","","","","","52.2210731506348","","","","","","","","","","57.8371658325195","","","","","","",
"Croatia","HRV","Adult literacy rate, population 15+ years, both sexes (%)","SE.ADT.LITR.ZS","","","","","","","","","","","","","","","","","","","","","","","","","","","","","","","","96.7015533447266","","","","","","","","","","98.1466827392578","","","","","","","","","","99.125358581543","","","","99.272590637207","",
"Haiti","HTI","Adult literacy rate, population 15+ years, both sexes (%)","SE.ADT.LITR.ZS","","","","","","","","","","","","","","","","","","","","","","","34.734691619873","","","","","","","","","","","","","","","","","","","","","58.7439002990723","","","48.6850204467773","","","","","","","","","60.6893501281738","",
"Hungary","HUN","Adult literacy rate, population 15+ years, both sexes (%)","SE.ADT.LITR.ZS","","","","","","","","","","","","","","","","","","","","","98.8582916259766","","","","","","","","","","","","","","98.9820709228516","","","","","","","","","","99.0292205810547","","","","","","","","","","99.0501174926758","99.3808822631836","",
"IBRD only","IBD","Adult literacy rate, population 15+ years, both sexes (%)","SE.ADT.LITR.ZS","","","","","","","","","","","","","","","","","","","","","","","","","","","","","","","73.6420516967773","","","","","","","","","","82.5635757446289","","","","","","","","","","87.3290634155273","","","","","","",
"IDA & IBRD total","IBT","Adult literacy rate, population 15+ years, both sexes (%)","SE.ADT.LITR.ZS","","","","","","","","","","","","","","","","","","","","","","","","","","","","","","","69.861198425293","","","","","","","","","","77.9058380126953","","","","","","","","","","82.3906936645508","","","","","","",
"IDA total","IDA","Adult literacy rate, population 15+ years, both sexes (%)","SE.ADT.LITR.ZS","","","","","","","","","","","","","","","","","","","","","","","","","","","","","","","54.1446990966797","","","","","","","","","","59.4675941467285","","","","","","","","","","64.4331207275391","","","","","","",
"IDA blend","IDB","Adult literacy rate, population 15+ years, both sexes (%)","SE.ADT.LITR.ZS","","","","","","","","","","","","","","","","","","","","","","","","","","","","","","","63.2880821228027","","","","","","","","","","","","","","","","","","","","69.0319747924805","","","","","","",
"Indonesia","IDN","Adult literacy rate, population 15+ years, both sexes (%)","SE.ADT.LITR.ZS","","","","","","","","","","","","","","","","","","","","","67.3126678466797","","","","","","","","","","81.5198516845703","","","","","","","","","","","","","","90.3847885131836","","91.9822692871094","","92.1922988891602","92.5817031860352","","92.8119125366211","","","95.1162185668945","95.4376831054688","",
"IDA only","IDX","Adult literacy rate, population 15+ years, both sexes (%)","SE.ADT.LITR.ZS","","","","","","","","","","","","","","","","","","","","","","","","","","","","","","","48.2974700927734","","","","","","","","","","55.4477996826172","","","","","","","","","","61.6508941650391","","","","","","",
"Isle of Man","IMN","Adult literacy rate, population 15+ years, both sexes (%)","SE.ADT.LITR.ZS","","","","","","","","","","","","","","","","","","","","","","","","","","","","","","","","","","","","","","","","","","","","","","","","","","","","","","","","","",
"India","IND","Adult literacy rate, population 15+ years, both sexes (%)","SE.ADT.LITR.ZS","","","","","","","","","","","","","","","","","","","","","","40.7635917663574","","","","","","","","","","48.2220687866211","","","","","","","","","","61.0145606994629","","","","","62.7544708251953","","","","","69.3025588989258","","","","72.2253036499023","",
"Not classified","INX","Adult literacy rate, population 15+ years, both sexes (%)","SE.ADT.LITR.ZS","","","","","","","","","","","","","","","","","","","","","","","","","","","","","","","","","","","","","","","","","","","","","","","","","","","","","","","","","",
"Ireland","IRL","Adult literacy rate, population 15+ years, both sexes (%)","SE.ADT.LITR.ZS","","","","","","","","","","","","","","","","","","","","","","","","","","","","","","","","","","","","","","","","","","","","","","","","","","","","","","","","","",
"Iran, Islamic Rep.","IRN","Adult literacy rate, population 15+ years, both sexes (%)","SE.ADT.LITR.ZS","","","","","","","","","","","","","","","","","36.5183982849121","","","","","","","","","","52.3197593688965","","","","","65.5314025878906","","","","","73.0602493286133","","","","","","77","","","82.4412002563477","82.3313217163086","","82.9623031616211","","","","83.6259918212891","84.6268005371094","","87.1725311279297","",
"Iraq","IRQ","Adult literacy rate, population 15+ years, both sexes (%)","SE.ADT.LITR.ZS","","","","","","","","","","","","","","","","","","","","","","","","","","","","","","","","","","","","","","","","","74.0522003173828","","","","","","","","","","","","","","79.5186996459961","79.7217636108398","",
"Iceland","ISL","Adult literacy rate, population 15+ years, both sexes (%)","SE.ADT.LITR.ZS","","","","","","","","","","","","","","","","","","","","","","","","","","","","","","","","","","","","","","","","","","","","","","","","","","","","","","","","","",
"Israel","ISR","Adult literacy rate, population 15+ years, both sexes (%)","SE.ADT.LITR.ZS","","","","","","","","","","","","","","","","","","","","","","","","91.7514114379883","","","","","","","","","","","","","","","","","","","","","","","","","","","","","","","","","",
"Italy","ITA","Adult literacy rate, population 15+ years, both sexes (%)","SE.ADT.LITR.ZS","","","","","","","","","","","","","","","","","","","","","","96.4605407714844","","","","","","","","","","","","","","","","","","","","98.416618347168","","","","","","","","","","98.8482818603516","","","","99.0157928466797","",
"Jamaica","JAM","Adult literacy rate, population 15+ years, both sexes (%)","SE.ADT.LITR.ZS","","","","","","","","","","","","","","","","","","","","","","","","","","","","","","","","","","","","","","","","79.9201202392578","","","","","","","","","","","","","","","88.1322479248047","88.4999008178711","",
"Jordan","JOR","Adult literacy rate, population 15+ years, both sexes (%)","SE.ADT.LITR.ZS","","","","","","","","","","","","","","","","","","","","66.7968063354492","","","","","","","","","","","","","","","","","","","","","","","","89.8923187255859","","91.1307525634766","","92.199577331543","","","92.5510406494141","95.9044494628906","97.8903198242188","","","98.0143508911133","",
"Japan","JPN","Adult literacy rate, population 15+ years, both sexes (%)","SE.ADT.LITR.ZS","","","","","","","","","","","","","","","","","","","","","","","","","","","","","","","","","","","","","","","","","","","","","","","","","","","","","","","","","",
"Kazakhstan","KAZ","Adult literacy rate, population 15+ years, both sexes (%)","SE.ADT.LITR.ZS","","","","","","","","","","","","","","","","","","","","","","","","","","","","","","97.5293807983398","","","","","","","","","","99.5126571655273","","","","","","","","","","99.7324066162109","","","","","","99.7878494262695","",
"Kenya","KEN","Adult literacy rate, population 15+ years, both sexes (%)","SE.ADT.LITR.ZS","","","","","","","","","","","","","","","","","","","","","","","","","","","","","","","","","","","","","","","","","82.2290802001953","","","","","","","72.1570281982422","","","","","","","","78.0233993530273","",
"Kyrgyz Republic","KGZ","Adult literacy rate, population 15+ years, both sexes (%)","SE.ADT.LITR.ZS","","","","","","","","","","","","","","","","","","","","","","","","","","","","","","","","","","","","","","","","98.7016067504883","","","","","","","","","","99.2414016723633","","","","","","99.5013198852539","",
"Cambodia","KHM","Adult literacy rate, population 15+ years, both sexes (%)","SE.ADT.LITR.ZS","","","","","","","","","","","","","","","","","","","","","","","","","","","","","","","","","","","","","","","67.3350296020508","","","","","","73.6099472045898","","","","77.586540222168","73.900032043457","","","","","","78.3459396362305","",
"Kiribati","KIR","Adult literacy rate, population 15+ years, both sexes (%)","SE.ADT.LITR.ZS","","","","","","","","","","","","","","","","","","","","","","","","","","","","","","","","","","","","","","","","","","","","","","","","","","","","","","","","","",
"St. Kitts and Nevis","KNA","Adult literacy rate, population 15+ years, both sexes (%)","SE.ADT.LITR.ZS","","","","","","","","","","","","","","","","","","","","","","","","","","","","","","","","","","","","","","","","","","","","","","","","","","","","","","","","","",
"Korea, Rep.","KOR","Adult literacy rate, population 15+ years, both sexes (%)","SE.ADT.LITR.ZS","","","","","","","","","","","","","","","","","","","","","","","","","","","","","","","","","","","","","","","","","","","","","","","","","97.9659423828125","","","","","","","","",
"Kosovo","KSV","Adult literacy rate, population 15+ years, both sexes (%)","SE.ADT.LITR.ZS","","","","","","","","","","","","","","","","","","","","","","","","","","","","","","","","","","","","","","","","","","","","","","","","","","","","","","","","","",
"Kuwait","KWT","Adult literacy rate, population 15+ years, both sexes (%)","SE.ADT.LITR.ZS","","","","","","","","","","","","","","","","59.5643882751465","","","","","67.5176620483398","","","","","74.4908676147461","","","","","","","","","","78.3955001831055","","","","","","","","","","93.2744598388672","93.2821197509766","93.664192199707","93.9062118530273","","","","95.5131683349609","95.585823059082","","96.1177062988281","",
"Latin America & Caribbean (excluding high income)","LAC","Adult literacy rate, population 15+ years, both sexes (%)","SE.ADT.LITR.ZS","","","","","","","","","","","","","","","","","","","","","","","","","","","","","","","87.1016387939453","","","","","","","","","","89.4503936767578","","","","","","","","","","92.4479904174805","","","","","","",
"Lao PDR","LAO","Adult literacy rate, population 15+ years, both sexes (%)","SE.ADT.LITR.ZS","","","","","","","","","","","","","","","","","","","","","","","","","","","","","","","","","","","","60.2513313293457","","","","","69.583122253418","68.7343902587891","","","","72.702262878418","","","","","","","","","","79.8674621582031","",
"Lebanon","LBN","Adult literacy rate, population 15+ years, both sexes (%)","SE.ADT.LITR.ZS","","","","","","","","","","","","","","","","","","","","","","","","","","","","","","","","","","","","","","","","","","","","","","","","89.6124420166016","","","","","","","","94.0511016845703","",
"Liberia","LBR","Adult literacy rate, population 15+ years, both sexes (%)","SE.ADT.LITR.ZS","","","","","","","","","","","","","","","","","","","","","","","","","32.1067695617676","","","","","","","","","","42.6660499572754","","","","","","","","","","43.1083717346191","","","42.9410781860352","","","","","","","","47.6001396179199","",
"Libya","LBY","Adult literacy rate, population 15+ years, both sexes (%)","SE.ADT.LITR.ZS","","","","","","","","","","","","","","","","","","","","","","","","","60.1643905639648","","","","","","","","","","76.5052032470703","","","","","","","","","","85.4168167114258","","","","","","","","","","91.0414428710938","91.3888702392578","",
"St. Lucia","LCA","Adult literacy rate, population 15+ years, both sexes (%)","SE.ADT.LITR.ZS","","","","","","","","","","","","","","","","","","","","","","","","","","","","","","","","","","","","","","","","","","","","","","","","","","","","","","","","","",
"Latin America & Caribbean","LCN","Adult literacy rate, population 15+ years, both sexes (%)","SE.ADT.LITR.ZS","","","","","","","","","","","","","","","","","","","","","","","","","","","","","","","87.4638290405273","","","","","","","","","","89.736442565918","","","","","","","","","","92.6243133544922","","","","","","",
"Least developed countries: UN classification","LDC","Adult literacy rate, population 15+ years, both sexes (%)","SE.ADT.LITR.ZS","","","","","","","","","","","","","","","","","","","","","","","","","","","","","","","45.8304328918457","","","","","","","","","","53.4133987426758","","","","","","","","","","60.5682334899902","","","","","","",
"Low income","LIC","Adult literacy rate, population 15+ years, both sexes (%)","SE.ADT.LITR.ZS","","","","","","","","","","","","","","","","","","","","","","","","","","","","","","","46.0245780944824","","","","","","","","","","52.6949729919434","","","","","","","","","","56.5740547180176","","","","","","",
"Liechtenstein","LIE","Adult literacy rate, population 15+ years, both sexes (%)","SE.ADT.LITR.ZS","","","","","","","","","","","","","","","","","","","","","","","","","","","","","","","","","","","","","","","","","","","","","","","","","","","","","","","","","",
"Sri Lanka","LKA","Adult literacy rate, population 15+ years, both sexes (%)","SE.ADT.LITR.ZS","","","","","","","","","","","","","","","","","","","","","","86.7779235839844","","","","","","","","","","","","","","","","","","","","90.682746887207","","","","","90.8088302612305","","90.5579528808594","","91.1813583374023","","","","","92.6141662597656","",
"Lower middle income","LMC","Adult literacy rate, population 15+ years, both sexes (%)","SE.ADT.LITR.ZS","","","","","","","","","","","","","","","","","","","","","","","","","","","","","","","58.596118927002","","","","","","","","","","67.3316040039063","","","","","","","","","","73.9100799560547","","","","","","",
"Low & middle income","LMY","Adult literacy rate, population 15+ years, both sexes (%)","SE.ADT.LITR.ZS","","","","","","","","","","","","","","","","","","","","","","","","","","","","","","","69.6697158813477","","","","","","","","","","77.7821350097656","","","","","","","","","","82.3050842285156","","","","","","",
"Lesotho","LSO","Adult literacy rate, population 15+ years, both sexes (%)","SE.ADT.LITR.ZS","","","","","","","","","","","","","","","","","","","","","","","","","","","","","","","","","","","","","","","","","86.2544326782227","","","","","","","","","75.8002014160156","","","","","","79.3609313964844","",
"Late-demographic dividend","LTE","Adult literacy rate, population 15+ years, both sexes (%)","SE.ADT.LITR.ZS","","","","","","","","","","","","","","","","","","","","","","","","","","","","","","","82.4794616699219","","","","","","","","","","91.4669952392578","","","","","","","","","","94.7849426269531","","","","","","",
"Lithuania","LTU","Adult literacy rate, population 15+ years, both sexes (%)","SE.ADT.LITR.ZS","","","","","","","","","","","","","","","","","","","","","","","","","","","","","","98.4412689208984","","","","","","","","","","","","99.645751953125","","","","","","","","","","99.8155975341797","","","","99.8232803344727","",
"Luxembourg","LUX","Adult literacy rate, population 15+ years, both sexes (%)","SE.ADT.LITR.ZS","","","","","","","","","","","","","","","","","","","","","","","","","","","","","","","","","","","","","","","","","","","","","","","","","","","","","","","","","",
"Latvia","LVA","Adult literacy rate, population 15+ years, both sexes (%)","SE.ADT.LITR.ZS","","","","","","","","","","","","","","","","","","","","","","","","","","","","","","99.4523010253906","","","","","","","","","","","99.7465667724609","","","","","","","","","","","99.8958969116211","","","","99.892692565918","",
"Macao SAR, China","MAC","Adult literacy rate, population 15+ years, both sexes (%)","SE.ADT.LITR.ZS","","","","","","","","","","","","","","","","","","","","","","90.3781814575195","","","","","","","","","","","","","","","","","","","","91.2953720092773","","","","","93.4997482299805","","","","","95.6400375366211","","","","96.2276000976563","",
"St. Martin (French part)","MAF","Adult literacy rate, population 15+ years, both sexes (%)","SE.ADT.LITR.ZS","","","","","","","","","","","","","","","","","","","","","","","","","","","","","","","","","","","","","","","","","","","","","","","","","","","","","","","","","",
"Morocco","MAR","Adult literacy rate, population 15+ years, both sexes (%)","SE.ADT.LITR.ZS","","","","","","","","","","","","","","","","","","","","","","","30.2577991485596","","","","","","","","","","","","41.594108581543","","","","","","","","","","52.3062591552734","","","","55.1479187011719","56.0836715698242","","67.0841598510742","","","","71.7105484008789","",
"Monaco","MCO","Adult literacy rate, population 15+ years, both sexes (%)","SE.ADT.LITR.ZS","","","","","","","","","","","","","","","","","","","","","","","","","","","","","","","","","","","","","","","","","","","","","","","","","","","","","","","","","",
"Moldova","MDA","Adult literacy rate, population 15+ years, both sexes (%)","SE.ADT.LITR.ZS","","","","","","","","","","","","","","","","","","","","","","","","","","","","","","96.3775482177734","","","","","","","","","","","96.6538009643555","","","","","","","","","","","","","","99.3434600830078","99.2443923950195","",
"Madagascar","MDG","Adult literacy rate, population 15+ years, both sexes (%)","SE.ADT.LITR.ZS","","","","","","","","","","","","","","","","","","","","","","","","","","","","","","","","","","","","","","","","","70.6861724853516","","","","","","","","","64.4809112548828","","","","","","64.6563034057617","",
"Maldives","MDV","Adult literacy rate, population 15+ years, both sexes (%)","SE.ADT.LITR.ZS","","","","","","","","","","","","","","","","","","82.2999572753906","","","","","","","","92.2300491333008","","","","","96.0182571411133","","","","","96.3264999389648","","","","","96.3264999389648","","","","","","98.3979034423828","","","","","","","","","99.3210220336914","",
"Middle East & North Africa","MEA","Adult literacy rate, population 15+ years, both sexes (%)","SE.ADT.LITR.ZS","","","","","","","","","","","","","","","","","","","","","","","","","","","","","","","58.4962425231934","","","","","","","","","","70.4031524658203","","","","","","","","","","80.7500152587891","","","","","","",
"Mexico","MEX","Adult literacy rate, population 15+ years, both sexes (%)","SE.ADT.LITR.ZS","","","","","","","","","","","","","","","","","","","","","82.9892425537109","","","","","","","","","","87.55615234375","","","","","","","","","","90.5356216430664","","90.2746505737305","","90.953742980957","91.6302719116211","91.7345199584961","92.7951736450195","92.9255981445313","93.4418792724609","93.0689392089844","93.5199813842773","94.228401184082","93.9628524780273","94.5558776855469","94.5455932617188","",
"Marshall Islands","MHL","Adult literacy rate, population 15+ years, both sexes (%)","SE.ADT.LITR.ZS","","","","","","","","","","","","","","","","","","","","","","","","","","","","","","","","","","","","","","","","","","","","","","","","","","","","98.2650833129883","","","","98.2650756835938","",
"Middle income","MIC","Adult literacy rate, population 15+ years, both sexes (%)","SE.ADT.LITR.ZS","","","","","","","","","","","","","","","","","","","","","","","","","","","","","","","71.3711166381836","","","","","","","","","","79.7007369995117","","","","","","","","","","84.3886795043945","","","","","","",
"Macedonia, FYR","MKD","Adult literacy rate, population 15+ years, both sexes (%)","SE.ADT.LITR.ZS","","","","","","","","","","","","","","","","","","","","","","","","","","","","","","","","","","","94.0587463378906","","","","","","","","96.1289291381836","","","","","","","","","","","","97.7517471313477","97.8437576293945","",
"Mali","MLI","Adult literacy rate, population 15+ years, both sexes (%)","SE.ADT.LITR.ZS","","","","","","","","","","","","","","","","","9.43381023406982","","","","","","","","","","","","","","","","","","","","","","19.0449695587158","","","","","24","","","26.176549911499","","","","31.0997505187988","33.5609397888184","","","","33.0688705444336","",
"Malta","MLT","Adult literacy rate, population 15+ years, both sexes (%)","SE.ADT.LITR.ZS","","","","","","","","","","","","","","","","","","","","","","","","","","85.6537170410156","","","","","","","","","","87.8686981201172","","","","","","","","","","92.3630905151367","","","","","","93.3073577880859","","","","94.0666122436523","",
"Myanmar","MMR","Adult literacy rate, population 15+ years, both sexes (%)","SE.ADT.LITR.ZS","","","","","","","","","","","","","","","","","","","","","","","","78.5704116821289","","","","","","","","","","","","","","","","","89.9417572021484","","","","","","","","","","","","","","92.9231567382813","93.0900497436523","",
"Middle East & North Africa (excluding high income)","MNA","Adult literacy rate, population 15+ years, both sexes (%)","SE.ADT.LITR.ZS","","","","","","","","","","","","","","","","","","","","","","","","","","","","","","","56.0394287109375","","","","","","","","","","68.0235748291016","","","","","","","","","","78.4388122558594","","","","","","",
"Montenegro","MNE","Adult literacy rate, population 15+ years, both sexes (%)","SE.ADT.LITR.ZS","","","","","","","","","","","","","","","","","","","","","","89.6351089477539","","","","","","","","","","93.4629974365234","","","","","","","","","","","","97.7734603881836","","","","","","","","98.4422073364258","","","","98.7199478149414","",
"Mongolia","MNG","Adult literacy rate, population 15+ years, both sexes (%)","SE.ADT.LITR.ZS","","","","","","","","","","","","","","","","","","","","","","","","","","","","","","","","","","","","","","","","","97.7688522338867","","","","","","","","","","98.2570037841797","","","","","98.3676376342773","",
"Northern Mariana Islands","MNP","Adult literacy rate, population 15+ years, both sexes (%)","SE.ADT.LITR.ZS","","","","","","","","","","","","","","","","","","","","","","","","","","","","","","","","","","","","","","","","","","","","","","","","","","","","","","","","","",
"Mozambique","MOZ","Adult literacy rate, population 15+ years, both sexes (%)","SE.ADT.LITR.ZS","","","","","","","","","","","","","","","","","","","","","27.1017799377441","","","","","","","","","","","","","","","","","38.707878112793","","","","","","48.1588401794434","","","","","","50.5838088989258","","","","","","58.8365516662598","",
"Mauritania","MRT","Adult literacy rate, population 15+ years, both sexes (%)","SE.ADT.LITR.ZS","","","","","","","","","","","","","","","","","","","","","","","","","","","","","","","","","","","","","","","","","51.2076797485352","","","","","","","45.5037803649902","","","","","","","","52.1235618591309","",
"Mauritius","MUS","Adult literacy rate, population 15+ years, both sexes (%)","SE.ADT.LITR.ZS","","","","","","","","","","","","","","","","","","","","","","","","","","","","","","","79.8686599731445","","","","","","","","","","84.303092956543","","","","","","","","","","","89.2498397827148","91.7660064697266","91.4900283813477","","90.6160430908203","",
"Malawi","MWI","Adult literacy rate, population 15+ years, both sexes (%)","SE.ADT.LITR.ZS","","","","","","","","","","","","","","","","","","","","","","","","","","","","48.5366516113281","","","","","","","","","","","64.1342468261719","","","","","","","","","","","","61.3097190856934","","","","","65.9638290405273","",
"Malaysia","MYS","Adult literacy rate, population 15+ years, both sexes (%)","SE.ADT.LITR.ZS","","","","","","","","","","","","","","","","","","","","","69.5163269042969","","","","","","","","","","","82.9153671264648","","","","","","","","","88.6877593994141","","","","","","","","","","93.1178894042969","","","","","94.6369934082031","",
"North America","NAC","Adult literacy rate, population 15+ years, both sexes (%)","SE.ADT.LITR.ZS","","","","","","","","","","","","","","","","","","","","","","","","","","","","","","","","","","","","","","","","","","","","","","","","","","","","","","","","","",
"Namibia","NAM","Adult literacy rate, population 15+ years, both sexes (%)","SE.ADT.LITR.ZS","","","","","","","","","","","","","","","","","","","","","","","","","","","","","","","","75.8165817260742","","","","","","","","","","85.0412826538086","","","","","","76.4865875244141","","","","89.400993347168","","","","90.8205032348633","",
"New Caledonia","NCL","Adult literacy rate, population 15+ years, both sexes (%)","SE.ADT.LITR.ZS","","","","","","","","","","","","","","","","","91.3003692626953","","","","","","","","","","","","","93.0806274414063","","","","","","","96.1379165649414","","","","","","","","","","","","","","","","","","96.8066711425781","96.9378204345703","",
"Niger","NER","Adult literacy rate, population 15+ years, both sexes (%)","SE.ADT.LITR.ZS","","","","","","","","","","","","","","","","","","","","","","","","","","","","","","","","","","","","","","","","","","14.3760404586792","","","","28.672420501709","","","","","","","15.4567003250122","","","19.1026000976563","",
"Nigeria","NGA","Adult literacy rate, population 15+ years, both sexes (%)","SE.ADT.LITR.ZS","","","","","","","","","","","","","","","","","","","","","","","","","","","","","","","","55.4467506408691","","","","","","","","","","","","54.7731781005859","","","","","51.0776596069336","","","","","","","59.5680809020996","",
"Nicaragua","NIC","Adult literacy rate, population 15+ years, both sexes (%)","SE.ADT.LITR.ZS","","","","","","","","","","","","","","","","","","","","","","","","","","","","","","","","","","","","","","","","","","76.677131652832","","","","78.0029830932617","","","","","","","","","","82.4718475341797","",
"Netherlands","NLD","Adult literacy rate, population 15+ years, both sexes (%)","SE.ADT.LITR.ZS","","","","","","","","","","","","","","","","","","","","","","","","","","","","","","","","","","","","","","","","","","","","","","","","","","","","","","","","","",
"Norway","NOR","Adult literacy rate, population 15+ years, both sexes (%)","SE.ADT.LITR.ZS","","","","","","","","","","","","","","","","","","","","","","","","","","","","","","","","","","","","","","","","","","","","","","","","","","","","","","","","","",
"Nepal","NPL","Adult literacy rate, population 15+ years, both sexes (%)","SE.ADT.LITR.ZS","","","","","","","","","","","","","","","","","","","","","","20.5736694335938","","","","","","","","","","32.9755897521973","","","","","","","","","","48.6089706420898","","","","","","","","","","59.6272506713867","","","","64.6636428833008","",
"Nauru","NRU","Adult literacy rate, population 15+ years, both sexes (%)","SE.ADT.LITR.ZS","","","","","","","","","","","","","","","","","","","","","","","","","","","","","","","","","","","","","","","","","","","","","","","","","","","","","","","","","",
"New Zealand","NZL","Adult literacy rate, population 15+ years, both sexes (%)","SE.ADT.LITR.ZS","","","","","","","","","","","","","","","","","","","","","","","","","","","","","","","","","","","","","","","","","","","","","","","","","","","","","","","","","",
"OECD members","OED","Adult literacy rate, population 15+ years, both sexes (%)","SE.ADT.LITR.ZS","","","","","","","","","","","","","","","","","","","","","","","","","","","","","","","","","","","","","","","","","","","","","","","","","","","","","","","","","",
"Oman","OMN","Adult literacy rate, population 15+ years, both sexes (%)","SE.ADT.LITR.ZS","","","","","","","","","","","","","","","","","","","","","","","","","","","","","","","","","","","","","","","","","","","","81.3633117675781","","","","","86.6211395263672","","87.2017211914063","","","","91.981201171875","93.9716491699219","",
"Other small states","OSS","Adult literacy rate, population 15+ years, both sexes (%)","SE.ADT.LITR.ZS","","","","","","","","","","","","","","","","","","","","","","","","","","","","","","","73.33837890625","","","","","","","","","","78.8397750854492","","","","","","","","","","83.6499633789063","","","","","","",
"Pakistan","PAK","Adult literacy rate, population 15+ years, both sexes (%)","SE.ADT.LITR.ZS","","","","","","","","","","","","","","","","","","","","","","25.7251892089844","","","","","","","","","","","","","","","","","42.6993103027344","","","","","","","49.8736381530762","54.1512107849121","","55.5263710021973","54.8926391601563","55.3751907348633","54.7380218505859","56.7643394470215","55.5949897766113","","56.4403114318848","",
"Panama","PAN","Adult literacy rate, population 15+ years, both sexes (%)","SE.ADT.LITR.ZS","","","","","","","","","","","","","","","","","","","","","88.0717391967773","","","","","","","","","","88.7798614501953","","","","","","","","","","91.8996200561523","","","","","","","","","","94.0941162109375","","","","","95.0382308959961","",
"Peru","PER","Adult literacy rate, population 15+ years, both sexes (%)","SE.ADT.LITR.ZS","","","","","","","","","","","","","","","","","","","","","","81.91845703125","","","","","","","","","","","","87.1506271362305","","","","","","","","","","","87.6698532104492","87.9086685180664","88.6993408203125","89.5908126831055","","","","","93.8417205810547","","93.7079467773438","94.3743515014648","",
"Philippines","PHL","Adult literacy rate, population 15+ years, both sexes (%)","SE.ADT.LITR.ZS","","","","","","","","","","","","","","","","","","","","","83.3172302246094","","","","","","","","","","93.5738983154297","","","","","","","","","","92.6000595092773","","","92.590690612793","","","","","95.4200973510742","","","","","96.3980026245117","","96.6180267333984","",
"Palau","PLW","Adult literacy rate, population 15+ years, both sexes (%)","SE.ADT.LITR.ZS","","","","","","","","","","","","","","","","","","","","","91.9214172363281","","","","","","","","","","","","","","94.4332962036133","","","","","","","","","","96.9897994995117","","","","","","","","","99.5239715576172","","99.5239639282227","",
"Papua New Guinea","PNG","Adult literacy rate, population 15+ years, both sexes (%)","SE.ADT.LITR.ZS","","","","","","","","","","","","","","","","","","","","","","","","","","","","","","","","","","","","","","","","","57.34326171875","","","","","","","","","","","","","","63.0960884094238","63.4334907531738","",
"Poland","POL","Adult literacy rate, population 15+ years, both sexes (%)","SE.ADT.LITR.ZS","","","","","","","","","","","","","","","","","","","98.7427368164063","","","","","","","","","","","","","","","","99.4023666381836","","","","","","","","","","99.6179428100586","","","","","","","","","","99.7741088867188","99.7874221801758","",
"Pre-demographic dividend","PRE","Adult literacy rate, population 15+ years, both sexes (%)","SE.ADT.LITR.ZS","","","","","","","","","","","","","","","","","","","","","","","","","","","","","","","51.1869735717773","","","","","","","","","","55.7852020263672","","","","","","","","","","58.6247940063477","","","","","","",
"Puerto Rico","PRI","Adult literacy rate, population 15+ years, both sexes (%)","SE.ADT.LITR.ZS","","","","","","","","","","","","","","","","","","","","","86.7460632324219","","","","","","","","","","89.6224975585938","","","","","","","","","","","","","","90.5293426513672","","","","","","91.9652328491211","","","","","93.3294219970703","",
"Korea, Dem. People’s Rep.","PRK","Adult literacy rate, population 15+ years, both sexes (%)","SE.ADT.LITR.ZS","","","","","","","","","","","","","","","","","","","","","","","","","","","","","","","","","","","","","","","","","","","","","","","","","99.9982604980469","","","","","","","99.9992370605469","",
"Portugal","PRT","Adult literacy rate, population 15+ years, both sexes (%)","SE.ADT.LITR.ZS","","","","","","","","","","","","","","","","","","","","","","79.4356079101563","","","","","","","","","","87.9478530883789","","","","","","","","","","","","","","","","","","","","94.47705078125","","","","95.428108215332","",
"Paraguay","PRY","Adult literacy rate, population 15+ years, both sexes (%)","SE.ADT.LITR.ZS","","","","","","","","","","","","","","","","","","","","","","","78.458610534668","","","","","","","","","","90.2718200683594","","","","","","","","","","","","","","","94.558219909668","93.2920837402344","93.7542419433594","93.8709182739258","","","","94.6167221069336","95.5361099243164","",
"Pacific island small states","PSS","Adult literacy rate, population 15+ years, both sexes (%)","SE.ADT.LITR.ZS","","","","","","","","","","","","","","","","","","","","","","","","","","","","","","","","","","","","","","","","","86.6920547485352","","","","","","","","","","","","","","","","",
"Post-demographic dividend","PST","Adult literacy rate, population 15+ years, both sexes (%)","SE.ADT.LITR.ZS","","","","","","","","","","","","","","","","","","","","","","","","","","","","","","","","","","","","","","","","","","","","","","","","","","","","","","","","","",
"French Polynesia","PYF","Adult literacy rate, population 15+ years, both sexes (%)","SE.ADT.LITR.ZS","","","","","","","","","","","","","","","","","","","","","","","","","","","","","","","","","","","","","","","","","","","","","","","","","","","","","","","","","",
"Qatar","QAT","Adult literacy rate, population 15+ years, both sexes (%)","SE.ADT.LITR.ZS","","","","","","","","","","","","","","","","","","","","","","","","","","","75.6350402832031","","","","","","","","","","","83.2621612548828","","","","","","","88.9623870849609","","","93.0827407836914","93.9897308349609","94.7242889404297","96.2837371826172","96.406867980957","96.6785888671875","97.4778518676758","97.7466888427734","97.7570877075195","",
"Romania","ROU","Adult literacy rate, population 15+ years, both sexes (%)","SE.ADT.LITR.ZS","","","","","","","","","","","","","","","","","","","","","","","","","","","","","","","","","96.7099761962891","","","","","","","","","","97.2975921630859","","","","","","","","","98.6042861938477","","","","98.7570266723633","",
"Russian Federation","RUS","Adult literacy rate, population 15+ years, both sexes (%)","SE.ADT.LITR.ZS","","","","","","","","","","","","","","","","","","","","","","","","","","","","","","97.9860534667969","","","","","","","","","","","","","99.4409713745117","","","","","","","","99.6842727661133","","","","","99.7195663452148","",
"Rwanda","RWA","Adult literacy rate, population 15+ years, both sexes (%)","SE.ADT.LITR.ZS","","","","","","","","","","","","","","","","","","","38.2434310913086","","","","","","","","","","","","","57.8534889221191","","","","","","","","","64.8886032104492","","","","","","","","","","65.8522720336914","","68.3310317993164","","","71.2434997558594","",
"South Asia","SAS","Adult literacy rate, population 15+ years, both sexes (%)","SE.ADT.LITR.ZS","","","","","","","","","","","","","","","","","","","","","","","","","","","","","","","46.4876022338867","","","","","","","","","","58.0854187011719","","","","","","","","","","66.6911773681641","","","","","","",
"Saudi Arabia","SAU","Adult literacy rate, population 15+ years, both sexes (%)","SE.ADT.LITR.ZS","","","","","","","","","","","","","","","","","","","","","","","","","","","","","","","","","70.821647644043","","","","","","","","79.3509368896484","","","","82.8577423095703","","","","","","","","","94.4263381958008","","94.8423690795898","",
"Sudan","SDN","Adult literacy rate, population 15+ years, both sexes (%)","SE.ADT.LITR.ZS","","","","","","","","","","","","","","","","","","","","","","","","","","","","","","","","","","","","","","","","","61.3458709716797","","","","","","","","","","","","","","","58.601318359375","",
"Senegal","SEN","Adult literacy rate, population 15+ years, both sexes (%)","SE.ADT.LITR.ZS","","","","","","","","","","","","","","","","","","","","","","","","","","","","","26.8688507080078","","","","","","","","","","","","","","39.2752494812012","","","","41.8911514282227","","","49.6951293945313","","52.0519599914551","","42.8175010681152","","55.6248512268066","",
"Singapore","SGP","Adult literacy rate, population 15+ years, both sexes (%)","SE.ADT.LITR.ZS","","","","","","","","","","","","","","","","","","","","","82.9060516357422","","","","","","","","","","89.0960006713867","","","","","","","","","","92.5494003295898","","","","","","","","","","95.8573303222656","96.1793365478516","96.3630599975586","96.540153503418","96.7166595458984","96.7746276855469","",
"Solomon Islands","SLB","Adult literacy rate, population 15+ years, both sexes (%)","SE.ADT.LITR.ZS","","","","","","","","","","","","","","","","","","","","","","","","","","","","","","","","","","","","","","","","76.5999984741211","","","","","","","","","","","","","","","","","",
"Sierra Leone","SLE","Adult literacy rate, population 15+ years, both sexes (%)","SE.ADT.LITR.ZS","","","","","","","","","","","","","","","","","","","","","","","","","","","","","","","","","","","","","","","","","","","","","34.826789855957","","","","","","","","","","47.1862411499023","48.4319000244141","",
"El Salvador","SLV","Adult literacy rate, population 15+ years, both sexes (%)","SE.ADT.LITR.ZS","","","","","","","","","","","","","","","","","","","","","","","","","","","","","","","","","74.1431579589844","","","","","","","","","","","","80.7783584594727","","83.5594635009766","82.0286331176758","83.951301574707","84.1028900146484","84.4927215576172","85.4939880371094","","86.767578125","","87.6482162475586","",
"San Marino","SMR","Adult literacy rate, population 15+ years, both sexes (%)","SE.ADT.LITR.ZS","","","","","","","","","","","","","","","","","","","","","","","","","","","","","","","","","","","","","","","","","","","","","","","","","","","","","","","","","",
"Somalia","SOM","Adult literacy rate, population 15+ years, both sexes (%)","SE.ADT.LITR.ZS","","","","","","","","","","","","","","","","","","","","","","","","","","","","","","","","","","","","","","","","","","","","","","","","","","","","","","","","","",
"Serbia","SRB","Adult literacy rate, population 15+ years, both sexes (%)","SE.ADT.LITR.ZS","","","","","","","","","","","","","","","","","","","","","","","","","","","","","","","","","","","","","","","","","","","","96.3972473144531","","","","","","","","97.9624099731445","","","","98.0028915405273","",
"Sub-Saharan Africa (excluding high income)","SSA","Adult literacy rate, population 15+ years, both sexes (%)","SE.ADT.LITR.ZS","","","","","","","","","","","","","","","","","","","","","","","","","","","","","","","","","","","","","","","","","56.9764060974121","","","","","","","","","","60.8757553100586","","","","","","",
"South Sudan","SSD","Adult literacy rate, population 15+ years, both sexes (%)","SE.ADT.LITR.ZS","","","","","","","","","","","","","","","","","","","","","","","","","","","","","","","","","","","","","","","","","","","","","","","","","26.83127784729","","","","","","","31.9762496948242","",
"Sub-Saharan Africa","SSF","Adult literacy rate, population 15+ years, both sexes (%)","SE.ADT.LITR.ZS","","","","","","","","","","","","","","","","","","","","","","","","","","","","","","","","","","","","","","","","","56.98193359375","","","","","","","","","","60.8805465698242","","","","","","",
"Small states","SST","Adult literacy rate, population 15+ years, both sexes (%)","SE.ADT.LITR.ZS","","","","","","","","","","","","","","","","","","","","","","","","","","","","","","","77.2849197387695","","","","","","","","","","81.4779586791992","","","","","","","","","","85.65478515625","","","","","","",
"Sao Tome and Principe","STP","Adult literacy rate, population 15+ years, both sexes (%)","SE.ADT.LITR.ZS","","","","","","","","","","","","","","","","","","","","","","57.3242607116699","","","","","","","","","","73.2424163818359","","","","","","","","","","84.9085083007813","","","","","","","69.5363922119141","","","","90.1430969238281","","","91.7471084594727","",
"Suriname","SUR","Adult literacy rate, population 15+ years, both sexes (%)","SE.ADT.LITR.ZS","","","","","","","","","","","","","","","","","","","","","","","","","","","","","","","","","","","","","","","","","","","","","89.5980606079102","","","","94.6209411621094","","94.6757507324219","","","","","95.5389862060547","",
"Slovak Republic","SVK","Adult literacy rate, population 15+ years, both sexes (%)","SE.ADT.LITR.ZS","","","","","","","","","","","","","","","","","","","","","","","","","","","","","","","","","","","","","","","","","","","","","","","","","","","","","","","","","",
"Slovenia","SVN","Adult literacy rate, population 15+ years, both sexes (%)","SE.ADT.LITR.ZS","","","","","","","","","","","","","","","","","","","","","","","","","","","","","","","","99.5245208740234","","","","","","","","","","","","","99.6517868041992","","","","","","","","","","99.7100524902344","99.7147598266602","",
"Sweden","SWE","Adult literacy rate, population 15+ years, both sexes (%)","SE.ADT.LITR.ZS","","","","","","","","","","","","","","","","","","","","","","","","","","","","","","","","","","","","","","","","","","","","","","","","","","","","","","","","","",
"Swaziland","SWZ","Adult literacy rate, population 15+ years, both sexes (%)","SE.ADT.LITR.ZS","","","","","","","","","","","","","","","","","55.3250389099121","","","","","","","","","","67.2393798828125","","","","","","","","","","","","","","81.6606979370117","","","","","","","","","","83.0982894897461","","","","","87.4701919555664","",
"Sint Maarten (Dutch part)","SXM","Adult literacy rate, population 15+ years, both sexes (%)","SE.ADT.LITR.ZS","","","","","","","","","","","","","","","","","","","","","","","","","","","","","","","","","","","","","","","","","","","","","","","","","","","","","","","","","",
"Seychelles","SYC","Adult literacy rate, population 15+ years, both sexes (%)","SE.ADT.LITR.ZS","","","","","","","","","","","","","","","","","","","","","","","","","","","","84.2292175292969","","","","","","","87.811149597168","","","","","","","","91.8364562988281","","","","","","","","93.954231262207","","","","","95.3210830688477","",
"Syrian Arab Republic","SYR","Adult literacy rate, population 15+ years, both sexes (%)","SE.ADT.LITR.ZS","","","","","","","","","","","","","","","","","","","","","","55.6544990539551","","","","","","","","","","","","","","","","","","","","","82.8882522583008","","80.8445205688477","","","","","","","","","","85.9158172607422","86.3039321899414","",
"Turks and Caicos Islands","TCA","Adult literacy rate, population 15+ years, both sexes (%)","SE.ADT.LITR.ZS","","","","","","","","","","","","","","","","","","","","","","","","","","","","","","","","","","","","","","","","","","","","","","","","","","","","","","","","","",
"Chad","TCD","Adult literacy rate, population 15+ years, both sexes (%)","SE.ADT.LITR.ZS","","","","","","","","","","","","","","","","","","","","","","","","","","","","","","","","","","10.8946504592896","","","","","","","25.6542091369629","","","","28.3814296722412","","","","","","","","","","39.0496711730957","40.0182418823242","",
"East Asia & Pacific (IDA & IBRD countries)","TEA","Adult literacy rate, population 15+ years, both sexes (%)","SE.ADT.LITR.ZS","","","","","","","","","","","","","","","","","","","","","","","","","","","","","","","79.458625793457","","","","","","","","","","90.6499557495117","","","","","","","","","","94.6892471313477","","","","","","",
"Europe & Central Asia (IDA & IBRD countries)","TEC","Adult literacy rate, population 15+ years, both sexes (%)","SE.ADT.LITR.ZS","","","","","","","","","","","","","","","","","","","","","","","","","","","","","","","95.9421997070313","","","","","","","","","","97.4526443481445","","","","","","","","","","98.8909530639648","","","","","","",
"Togo","TGO","Adult literacy rate, population 15+ years, both sexes (%)","SE.ADT.LITR.ZS","","","","","","","","","","","","","","","","","","","","","","","","","","","","","","","","","","","","","","","","","53.1776008605957","","","","","","56.888370513916","","","57.0933799743652","","60.4099388122559","","","","66.5375900268555","",
"Thailand","THA","Adult literacy rate, population 15+ years, both sexes (%)","SE.ADT.LITR.ZS","","","","","","","","","","","","","","","","","","","","","87.9817581176758","","","","","","","","","","","","","","","","","","","","92.6465377807617","","","","","93.506477355957","","","","","96.430908203125","","","93.7020721435547","","93.9830169677734","",
"Tajikistan","TJK","Adult literacy rate, population 15+ years, both sexes (%)","SE.ADT.LITR.ZS","","","","","","","","","","","","","","","","","","","","","","","","","","","","","","97.6940231323242","","","","","","","","","","","99.4512481689453","","","","","","","","","","","","","","99.7684097290039","99.7810516357422","",
"Turkmenistan","TKM","Adult literacy rate, population 15+ years, both sexes (%)","SE.ADT.LITR.ZS","","","","","","","","","","","","","","","","","","","","","","","","","","","","","","","","","","","","98.7783203125","","","","","","","","","","","","","","","","","","","99.6728515625","99.6929321289063","",
"Latin America & the Caribbean (IDA & IBRD countries)","TLA","Adult literacy rate, population 15+ years, both sexes (%)","SE.ADT.LITR.ZS","","","","","","","","","","","","","","","","","","","","","","","","","","","","","","","87.065071105957","","","","","","","","","","89.4736709594727","","","","","","","","","","92.4664001464844","","","","","","",
"Middle East & North Africa (IDA & IBRD countries)","TMN","Adult literacy rate, population 15+ years, both sexes (%)","SE.ADT.LITR.ZS","","","","","","","","","","","","","","","","","","","","","","","","","","","","","","","55.7502517700195","","","","","","","","","","67.7697296142578","","","","","","","","","","78.2328567504883","","","","","","",
"Timor-Leste","TLS","Adult literacy rate, population 15+ years, both sexes (%)","SE.ADT.LITR.ZS","","","","","","","","","","","","","","","","","","","","","","","","","","","","","","","","","","","","","","","","","","37.5999984741211","","","","","","50.5999984741211","","","58.3089790344238","","","","","64.0661392211914","",
"Tonga","TON","Adult literacy rate, population 15+ years, both sexes (%)","SE.ADT.LITR.ZS","","","","","","","","","","","","","","","","","99.5924606323242","","","","","","","","","","","","","","","","","","","","98.9053726196289","","","","","","","","","","99.0184631347656","","","","","99.3855285644531","","","","99.3978576660156","",
"South Asia (IDA & IBRD)","TSA","Adult literacy rate, population 15+ years, both sexes (%)","SE.ADT.LITR.ZS","","","","","","","","","","","","","","","","","","","","","","","","","","","","","","","46.4876022338867","","","","","","","","","","58.0854187011719","","","","","","","","","","66.6911773681641","","","","","","",
"Sub-Saharan Africa (IDA & IBRD countries)","TSS","Adult literacy rate, population 15+ years, both sexes (%)","SE.ADT.LITR.ZS","","","","","","","","","","","","","","","","","","","","","","","","","","","","","","","52.5315818786621","","","","","","","","","","56.98193359375","","","","","","","","","","60.8805465698242","","","","","","",
"Trinidad and Tobago","TTO","Adult literacy rate, population 15+ years, both sexes (%)","SE.ADT.LITR.ZS","","","","","","","","","","","","","","","","","","","","","94.9703216552734","","","","","","","","","","96.9385528564453","","","","","","","","","","","","","","98.2885131835938","","","","","","","","","","98.9194869995117","98.9695816040039","",
"Tunisia","TUN","Adult literacy rate, population 15+ years, both sexes (%)","SE.ADT.LITR.ZS","","","","","","","","","","","","","","","","","","","","","","","","","48.1907005310059","","","","","","","","","","59.0618095397949","","","","","","","","","","74.2969970703125","","","77.1903991699219","77.5611267089844","","79.1305770874023","79.6539077758789","80.21875","","","81.0541915893555","",
"Turkey","TUR","Adult literacy rate, population 15+ years, both sexes (%)","SE.ADT.LITR.ZS","","","","","","","","","","","","","","","","61.6276817321777","","","","","65.6943435668945","","","","","75.9682388305664","","","","","79.2324523925781","","","","","","","","","","","","","","87.3654937744141","88.2290573120117","88.1193923950195","88.6558990478516","","90.8167190551758","92.6605987548828","94.106086730957","94.9197463989258","95.2566604614258","95.4396286010742","95.688102722168","",
"Tuvalu","TUV","Adult literacy rate, population 15+ years, both sexes (%)","SE.ADT.LITR.ZS","","","","","","","","","","","","","","","","","","","","","","","","","","","","","","","","","","","","","","","","","","","","","","","","","","","","","","","","","",
"Tanzania","TZA","Adult literacy rate, population 15+ years, both sexes (%)","SE.ADT.LITR.ZS","","","","","","","","","","","","","","","","","","","","","","","","","","","","","59.1138000488281","","","","","","","","","","","","","","69.4309005737305","","","","","","","","67.8006973266602","","78.1005935668945","","","80.3594970703125","",
"Uganda","UGA","Adult literacy rate, population 15+ years, both sexes (%)","SE.ADT.LITR.ZS","","","","","","","","","","","","","","","","","","","","","","","","","","","","","","","","56.1073799133301","","","","","","","","","","","68.1425094604492","","","","71.3731384277344","","","","73.2118835449219","","70.1982192993164","","","73.8098373413086","",
"Ukraine","UKR","Adult literacy rate, population 15+ years, both sexes (%)","SE.ADT.LITR.ZS","","","","","","","","","","","","","","","","","","","","","","","","","","","","","","","","","","","","","","","","","","99.4304122924805","","","","","","","","","","","","","99.7534713745117","99.7641067504883","",
"Upper middle income","UMC","Adult literacy rate, population 15+ years, both sexes (%)","SE.ADT.LITR.ZS","","","","","","","","","","","","","","","","","","","","","","","","","","","","","","","81.9188461303711","","","","","","","","","","90.6573104858398","","","","","","","","","","94.2689895629883","","","","","","",
"Uruguay","URY","Adult literacy rate, population 15+ years, both sexes (%)","SE.ADT.LITR.ZS","","","","","","","","","","","","","","","","93.8610687255859","","","","","","","","","","95.3799819946289","","","","","","","","","","","96.7818069458008","","","","","","","","","","97.7896270751953","97.8638916015625","98.1635589599609","98.2678985595703","98.0727081298828","98.3358993530273","98.3959426879883","98.3638687133789","98.4359283447266","98.4421005249023","",
"United States","USA","Adult literacy rate, population 15+ years, both sexes (%)","SE.ADT.LITR.ZS","","","","","","","","","","","","","","","","","","","","","","","","","","","","","","","","","","","","","","","","","","","","","","","","","","","","","","","","","",
"Uzbekistan","UZB","Adult literacy rate, population 15+ years, both sexes (%)","SE.ADT.LITR.ZS","","","","","","","","","","","","","","","","","","","","","","","","","","","","","","","","","","","","","","","","","98.642578125","","","","","","","","","","","","","99.9948577880859","99.9805526733398","99.9951934814453","",
"St. Vincent and the Grenadines","VCT","Adult literacy rate, population 15+ years, both sexes (%)","SE.ADT.LITR.ZS","","","","","","","","","","","95.6321563720703","","","","","","","","","","","","","","","","","","","","","","","","","","","","","","","","","","","","","","","","","","","","","","",
"Venezuela, RB","VEN","Adult literacy rate, population 15+ years, both sexes (%)","SE.ADT.LITR.ZS","","","","","","","","","","","","","","","","","","","","","","84.7322006225586","","","","","","","","","89.8252487182617","","","","","","","","","","","92.9798278808594","","","","","","95.1546401977539","","95.5119934082031","","94.7702178955078","","","","95.3992462158203","",
"British Virgin Islands","VGB","Adult literacy rate, population 15+ years, both sexes (%)","SE.ADT.LITR.ZS","","","","","","","","","","","","","","","","","","","","","","","","","","","","","","","","","","","","","","","","","","","","","","","","","","","","","","","","","",
"Virgin Islands (U.S.)","VIR","Adult literacy rate, population 15+ years, both sexes (%)","SE.ADT.LITR.ZS","","","","","","","","","","","","","","","","","","","","","","","","","","","","","","","","","","","","","","","","","","","","","","","","","","","","","","","","","",
"Vietnam","VNM","Adult literacy rate, population 15+ years, both sexes (%)","SE.ADT.LITR.ZS","","","","","","","","","","","","","","","","","","","","83.8259429931641","","","","","","","","","","87.5964508056641","","","","","","","","","","90.2782974243164","90.1561279296875","","","","","","","","","93.5204467773438","","","","","","94.5142669677734","",
"Vanuatu","VUT","Adult literacy rate, population 15+ years, both sexes (%)","SE.ADT.LITR.ZS","","","","","","","","","","","","","","","","","","","","52.8739204406738","","","","","","","","","","","","","","","68.4600296020508","","","","","74","","","","","78.0809783935547","","","","","","","","","","84.5108108520508","85.0586776733398","",
"West Bank and Gaza","PSE","Adult literacy rate, population 15+ years, both sexes (%)","SE.ADT.LITR.ZS","","","","","","","","","","","","","","","","","","","","","","","","","","","","","","","","","","","","","","86.0628890991211","","","","","","","92.2799682617188","","93.4499664306641","93.8821411132813","94.0586471557617","94.5991668701172","94.9320068359375","95.2672424316406","95.9137573242188","96.2848587036133","96.4284210205078","96.6680374145508","",
"World","WLD","Adult literacy rate, population 15+ years, both sexes (%)","SE.ADT.LITR.ZS","","","","","","","","","","","","","","","","","","","","","","","","","","","","","","","75.8967514038086","","","","","","","","","","81.9004669189453","","","","","","","","","","85.3133850097656","","","","","","",
"Samoa","WSM","Adult literacy rate, population 15+ years, both sexes (%)","SE.ADT.LITR.ZS","","","","","","","","","","","","","","","","","","","","","","","","","","","","","","","","97.9443283081055","","","","","","","","","","","","","98.5404815673828","","","","","","","98.973258972168","","","","99.015007019043","",
"Yemen, Rep.","YEM","Adult literacy rate, population 15+ years, both sexes (%)","SE.ADT.LITR.ZS","","","","","","","","","","","","","","","","","","","","","","","","","","","","","","","","","","","37.0900001525879","","","","","","","","","","54.1991806030273","","","","","","","","","","68.789421081543","69.9619522094727","",
"South Africa","ZAF","Adult literacy rate, population 15+ years, both sexes (%)","SE.ADT.LITR.ZS","","","","","","","","","","","","","","","","","","","","","76.2004928588867","","","","","","","","","","","","","","","","82.402099609375","","","","","","","","","","","88.7172470092773","","92.8948593139648","92.8773193359375","93.1021423339844","93.7294692993164","","94.1399002075195","94.5979385375977","",
"Congo, Dem. Rep.","COD","Adult literacy rate, population 15+ years, both sexes (%)","SE.ADT.LITR.ZS","","","","","","","","","","","","","","","","","","","","","","","","","","","","","","","","","","","","","","","","","","67.1729888916016","","","","","","61.2055511474609","","","","","75.0171890258789","","","77.2216720581055","",
"Zambia","ZMB","Adult literacy rate, population 15+ years, both sexes (%)","SE.ADT.LITR.ZS","","","","","","","","","","","","","","","","","","","","","","","","","","","","","","","64.9982604980469","","","","","","","","","68.0017929077148","","","69.1492233276367","","","","","61.4282913208008","","","83.0076675415039","","","","","85.1172637939453","",
"Zimbabwe","ZWE","Adult literacy rate, population 15+ years, both sexes (%)","SE.ADT.LITR.ZS","","","","","","","","","","","","","","","","","","","","","","","77.7941665649414","","","","","","","","","","83.512580871582","","","","","","","","","","","","","","","","","","","83.5827102661133","","","","86.8734817504883","",
